inst,hierpath,distance
genblk4[2].iteration_div_sqrt,TestDriver.testHarness.chiptop.system.tile_prci_domain.tile_reset_domain.cva6_tile.core.i_ariane.ex_stage_i.fpu_gen.fpu_i.fpu_gen.i_fpnew_bulk.gen_operation_groups[1].i_opgroup_block.gen_merged_slice.i_multifmt_slice.gen_num_lanes[0].active_lane.lane_instance.i_fpnew_divsqrt_multi.i_divsqrt_lei.nrbd_nrsc_U0.control_U0.genblk4[2].iteration_div_sqrt,10
genblk4[1].iteration_div_sqrt,TestDriver.testHarness.chiptop.system.tile_prci_domain.tile_reset_domain.cva6_tile.core.i_ariane.ex_stage_i.fpu_gen.fpu_i.fpu_gen.i_fpnew_bulk.gen_operation_groups[1].i_opgroup_block.gen_merged_slice.i_multifmt_slice.gen_num_lanes[0].active_lane.lane_instance.i_fpnew_divsqrt_multi.i_divsqrt_lei.nrbd_nrsc_U0.control_U0.genblk4[1].iteration_div_sqrt,10
genblk4[0].iteration_div_sqrt,TestDriver.testHarness.chiptop.system.tile_prci_domain.tile_reset_domain.cva6_tile.core.i_ariane.ex_stage_i.fpu_gen.fpu_i.fpu_gen.i_fpnew_bulk.gen_operation_groups[1].i_opgroup_block.gen_merged_slice.i_multifmt_slice.gen_num_lanes[0].active_lane.lane_instance.i_fpnew_divsqrt_multi.i_divsqrt_lei.nrbd_nrsc_U0.control_U0.genblk4[0].iteration_div_sqrt,10
control_U0,TestDriver.testHarness.chiptop.system.tile_prci_domain.tile_reset_domain.cva6_tile.core.i_ariane.ex_stage_i.fpu_gen.fpu_i.fpu_gen.i_fpnew_bulk.gen_operation_groups[1].i_opgroup_block.gen_merged_slice.i_multifmt_slice.gen_num_lanes[0].active_lane.lane_instance.i_fpnew_divsqrt_multi.i_divsqrt_lei.nrbd_nrsc_U0.control_U0,9
LOD_Ub,TestDriver.testHarness.chiptop.system.tile_prci_domain.tile_reset_domain.cva6_tile.core.i_ariane.ex_stage_i.fpu_gen.fpu_i.fpu_gen.i_fpnew_bulk.gen_operation_groups[1].i_opgroup_block.gen_merged_slice.i_multifmt_slice.gen_num_lanes[0].active_lane.lane_instance.i_fpnew_divsqrt_multi.i_divsqrt_lei.preprocess_U0.LOD_Ub,9
LOD_Ua,TestDriver.testHarness.chiptop.system.tile_prci_domain.tile_reset_domain.cva6_tile.core.i_ariane.ex_stage_i.fpu_gen.fpu_i.fpu_gen.i_fpnew_bulk.gen_operation_groups[1].i_opgroup_block.gen_merged_slice.i_multifmt_slice.gen_num_lanes[0].active_lane.lane_instance.i_fpnew_divsqrt_multi.i_divsqrt_lei.preprocess_U0.LOD_Ua,9
nrbd_nrsc_U0,TestDriver.testHarness.chiptop.system.tile_prci_domain.tile_reset_domain.cva6_tile.core.i_ariane.ex_stage_i.fpu_gen.fpu_i.fpu_gen.i_fpnew_bulk.gen_operation_groups[1].i_opgroup_block.gen_merged_slice.i_multifmt_slice.gen_num_lanes[0].active_lane.lane_instance.i_fpnew_divsqrt_multi.i_divsqrt_lei.nrbd_nrsc_U0,8
preprocess_U0,TestDriver.testHarness.chiptop.system.tile_prci_domain.tile_reset_domain.cva6_tile.core.i_ariane.ex_stage_i.fpu_gen.fpu_i.fpu_gen.i_fpnew_bulk.gen_operation_groups[1].i_opgroup_block.gen_merged_slice.i_multifmt_slice.gen_num_lanes[0].active_lane.lane_instance.i_fpnew_divsqrt_multi.i_divsqrt_lei.preprocess_U0,8
fpu_norm_U0,TestDriver.testHarness.chiptop.system.tile_prci_domain.tile_reset_domain.cva6_tile.core.i_ariane.ex_stage_i.fpu_gen.fpu_i.fpu_gen.i_fpnew_bulk.gen_operation_groups[1].i_opgroup_block.gen_merged_slice.i_multifmt_slice.gen_num_lanes[0].active_lane.lane_instance.i_fpnew_divsqrt_multi.i_divsqrt_lei.fpu_norm_U0,8
i_fpnew_rounding,TestDriver.testHarness.chiptop.system.tile_prci_domain.tile_reset_domain.cva6_tile.core.i_ariane.ex_stage_i.fpu_gen.fpu_i.fpu_gen.i_fpnew_bulk.gen_operation_groups[3].i_opgroup_block.gen_merged_slice.i_multifmt_slice.gen_num_lanes[0].active_lane.lane_instance.i_fpnew_cast_multi.i_fpnew_rounding,7
i_fpnew_rounding,TestDriver.testHarness.chiptop.system.tile_prci_domain.tile_reset_domain.cva6_tile.core.i_ariane.ex_stage_i.fpu_gen.fpu_i.fpu_gen.i_fpnew_bulk.gen_operation_groups[0].i_opgroup_block.gen_parallel_slices[1].active_format.i_fmt_slice.gen_num_lanes[0].active_lane.lane_instance.i_fma.i_fpnew_rounding,7
i_fpnew_rounding,TestDriver.testHarness.chiptop.system.tile_prci_domain.tile_reset_domain.cva6_tile.core.i_ariane.ex_stage_i.fpu_gen.fpu_i.fpu_gen.i_fpnew_bulk.gen_operation_groups[0].i_opgroup_block.gen_parallel_slices[0].active_format.i_fmt_slice.gen_num_lanes[0].active_lane.lane_instance.i_fma.i_fpnew_rounding,7
i_divsqrt_lei,TestDriver.testHarness.chiptop.system.tile_prci_domain.tile_reset_domain.cva6_tile.core.i_ariane.ex_stage_i.fpu_gen.fpu_i.fpu_gen.i_fpnew_bulk.gen_operation_groups[1].i_opgroup_block.gen_merged_slice.i_multifmt_slice.gen_num_lanes[0].active_lane.lane_instance.i_fpnew_divsqrt_multi.i_divsqrt_lei,7
fmt_init_inputs[1].active_format.i_fpnew_classifier,TestDriver.testHarness.chiptop.system.tile_prci_domain.tile_reset_domain.cva6_tile.core.i_ariane.ex_stage_i.fpu_gen.fpu_i.fpu_gen.i_fpnew_bulk.gen_operation_groups[3].i_opgroup_block.gen_merged_slice.i_multifmt_slice.gen_num_lanes[0].active_lane.lane_instance.i_fpnew_cast_multi.fmt_init_inputs[1].active_format.i_fpnew_classifier,7
fmt_init_inputs[0].active_format.i_fpnew_classifier,TestDriver.testHarness.chiptop.system.tile_prci_domain.tile_reset_domain.cva6_tile.core.i_ariane.ex_stage_i.fpu_gen.fpu_i.fpu_gen.i_fpnew_bulk.gen_operation_groups[3].i_opgroup_block.gen_merged_slice.i_multifmt_slice.gen_num_lanes[0].active_lane.lane_instance.i_fpnew_cast_multi.fmt_init_inputs[0].active_format.i_fpnew_classifier,7
i_class_a,TestDriver.testHarness.chiptop.system.tile_prci_domain.tile_reset_domain.cva6_tile.core.i_ariane.ex_stage_i.fpu_gen.fpu_i.fpu_gen.i_fpnew_bulk.gen_operation_groups[2].i_opgroup_block.gen_parallel_slices[1].active_format.i_fmt_slice.gen_num_lanes[0].active_lane.lane_instance.i_noncomp.i_class_a,7
i_class_a,TestDriver.testHarness.chiptop.system.tile_prci_domain.tile_reset_domain.cva6_tile.core.i_ariane.ex_stage_i.fpu_gen.fpu_i.fpu_gen.i_fpnew_bulk.gen_operation_groups[2].i_opgroup_block.gen_parallel_slices[0].active_format.i_fmt_slice.gen_num_lanes[0].active_lane.lane_instance.i_noncomp.i_class_a,7
i_class_inputs,TestDriver.testHarness.chiptop.system.tile_prci_domain.tile_reset_domain.cva6_tile.core.i_ariane.ex_stage_i.fpu_gen.fpu_i.fpu_gen.i_fpnew_bulk.gen_operation_groups[0].i_opgroup_block.gen_parallel_slices[1].active_format.i_fmt_slice.gen_num_lanes[0].active_lane.lane_instance.i_fma.i_class_inputs,7
i_class_inputs,TestDriver.testHarness.chiptop.system.tile_prci_domain.tile_reset_domain.cva6_tile.core.i_ariane.ex_stage_i.fpu_gen.fpu_i.fpu_gen.i_fpnew_bulk.gen_operation_groups[0].i_opgroup_block.gen_parallel_slices[0].active_format.i_fmt_slice.gen_num_lanes[0].active_lane.lane_instance.i_fma.i_class_inputs,7
i_lzc,TestDriver.testHarness.chiptop.system.tile_prci_domain.tile_reset_domain.cva6_tile.core.i_ariane.ex_stage_i.fpu_gen.fpu_i.fpu_gen.i_fpnew_bulk.gen_operation_groups[3].i_opgroup_block.gen_merged_slice.i_multifmt_slice.gen_num_lanes[0].active_lane.lane_instance.i_fpnew_cast_multi.i_lzc,7
i_lzc,TestDriver.testHarness.chiptop.system.tile_prci_domain.tile_reset_domain.cva6_tile.core.i_ariane.ex_stage_i.fpu_gen.fpu_i.fpu_gen.i_fpnew_bulk.gen_operation_groups[0].i_opgroup_block.gen_parallel_slices[1].active_format.i_fmt_slice.gen_num_lanes[0].active_lane.lane_instance.i_fma.i_lzc,7
i_lzc,TestDriver.testHarness.chiptop.system.tile_prci_domain.tile_reset_domain.cva6_tile.core.i_ariane.ex_stage_i.fpu_gen.fpu_i.fpu_gen.i_fpnew_bulk.gen_operation_groups[0].i_opgroup_block.gen_parallel_slices[0].active_format.i_fmt_slice.gen_num_lanes[0].active_lane.lane_instance.i_fma.i_lzc,7
gen_num_lanes[0].active_lane.lane_instance.i_noncomp,TestDriver.testHarness.chiptop.system.tile_prci_domain.tile_reset_domain.cva6_tile.core.i_ariane.ex_stage_i.fpu_gen.fpu_i.fpu_gen.i_fpnew_bulk.gen_operation_groups[2].i_opgroup_block.gen_parallel_slices[1].active_format.i_fmt_slice.gen_num_lanes[0].active_lane.lane_instance.i_noncomp,6
gen_num_lanes[0].active_lane.lane_instance.i_noncomp,TestDriver.testHarness.chiptop.system.tile_prci_domain.tile_reset_domain.cva6_tile.core.i_ariane.ex_stage_i.fpu_gen.fpu_i.fpu_gen.i_fpnew_bulk.gen_operation_groups[2].i_opgroup_block.gen_parallel_slices[0].active_format.i_fmt_slice.gen_num_lanes[0].active_lane.lane_instance.i_noncomp,6
gen_num_lanes[0].active_lane.lane_instance.i_fma,TestDriver.testHarness.chiptop.system.tile_prci_domain.tile_reset_domain.cva6_tile.core.i_ariane.ex_stage_i.fpu_gen.fpu_i.fpu_gen.i_fpnew_bulk.gen_operation_groups[0].i_opgroup_block.gen_parallel_slices[1].active_format.i_fmt_slice.gen_num_lanes[0].active_lane.lane_instance.i_fma,6
gen_num_lanes[0].active_lane.lane_instance.i_fma,TestDriver.testHarness.chiptop.system.tile_prci_domain.tile_reset_domain.cva6_tile.core.i_ariane.ex_stage_i.fpu_gen.fpu_i.fpu_gen.i_fpnew_bulk.gen_operation_groups[0].i_opgroup_block.gen_parallel_slices[0].active_format.i_fmt_slice.gen_num_lanes[0].active_lane.lane_instance.i_fma,6
gen_num_lanes[0].active_lane.lane_instance.i_fpnew_cast_multi,TestDriver.testHarness.chiptop.system.tile_prci_domain.tile_reset_domain.cva6_tile.core.i_ariane.ex_stage_i.fpu_gen.fpu_i.fpu_gen.i_fpnew_bulk.gen_operation_groups[3].i_opgroup_block.gen_merged_slice.i_multifmt_slice.gen_num_lanes[0].active_lane.lane_instance.i_fpnew_cast_multi,6
gen_num_lanes[0].active_lane.lane_instance.i_fpnew_divsqrt_multi,TestDriver.testHarness.chiptop.system.tile_prci_domain.tile_reset_domain.cva6_tile.core.i_ariane.ex_stage_i.fpu_gen.fpu_i.fpu_gen.i_fpnew_bulk.gen_operation_groups[1].i_opgroup_block.gen_merged_slice.i_multifmt_slice.gen_num_lanes[0].active_lane.lane_instance.i_fpnew_divsqrt_multi,6
gen_merged_slice.i_multifmt_slice,TestDriver.testHarness.chiptop.system.tile_prci_domain.tile_reset_domain.cva6_tile.core.i_ariane.ex_stage_i.fpu_gen.fpu_i.fpu_gen.i_fpnew_bulk.gen_operation_groups[3].i_opgroup_block.gen_merged_slice.i_multifmt_slice,5
gen_merged_slice.i_multifmt_slice,TestDriver.testHarness.chiptop.system.tile_prci_domain.tile_reset_domain.cva6_tile.core.i_ariane.ex_stage_i.fpu_gen.fpu_i.fpu_gen.i_fpnew_bulk.gen_operation_groups[1].i_opgroup_block.gen_merged_slice.i_multifmt_slice,5
genblk1[0].i_ram,TestDriver.testHarness.chiptop.system.tile_prci_domain.tile_reset_domain.cva6_tile.core.i_ariane.i_cache_subsystem.i_wt_dcache.i_wt_dcache_mem.gen_tag_srams[7].i_tag_sram.genblk1[0].i_ram,5
genblk1[0].i_ram,TestDriver.testHarness.chiptop.system.tile_prci_domain.tile_reset_domain.cva6_tile.core.i_ariane.i_cache_subsystem.i_wt_dcache.i_wt_dcache_mem.gen_tag_srams[6].i_tag_sram.genblk1[0].i_ram,5
genblk1[0].i_ram,TestDriver.testHarness.chiptop.system.tile_prci_domain.tile_reset_domain.cva6_tile.core.i_ariane.i_cache_subsystem.i_wt_dcache.i_wt_dcache_mem.gen_tag_srams[5].i_tag_sram.genblk1[0].i_ram,5
genblk1[0].i_ram,TestDriver.testHarness.chiptop.system.tile_prci_domain.tile_reset_domain.cva6_tile.core.i_ariane.i_cache_subsystem.i_wt_dcache.i_wt_dcache_mem.gen_tag_srams[4].i_tag_sram.genblk1[0].i_ram,5
genblk1[0].i_ram,TestDriver.testHarness.chiptop.system.tile_prci_domain.tile_reset_domain.cva6_tile.core.i_ariane.i_cache_subsystem.i_wt_dcache.i_wt_dcache_mem.gen_tag_srams[3].i_tag_sram.genblk1[0].i_ram,5
genblk1[0].i_ram,TestDriver.testHarness.chiptop.system.tile_prci_domain.tile_reset_domain.cva6_tile.core.i_ariane.i_cache_subsystem.i_wt_dcache.i_wt_dcache_mem.gen_tag_srams[2].i_tag_sram.genblk1[0].i_ram,5
genblk1[0].i_ram,TestDriver.testHarness.chiptop.system.tile_prci_domain.tile_reset_domain.cva6_tile.core.i_ariane.i_cache_subsystem.i_wt_dcache.i_wt_dcache_mem.gen_tag_srams[1].i_tag_sram.genblk1[0].i_ram,5
genblk1[0].i_ram,TestDriver.testHarness.chiptop.system.tile_prci_domain.tile_reset_domain.cva6_tile.core.i_ariane.i_cache_subsystem.i_wt_dcache.i_wt_dcache_mem.gen_tag_srams[0].i_tag_sram.genblk1[0].i_ram,5
genblk1[7].i_ram,TestDriver.testHarness.chiptop.system.tile_prci_domain.tile_reset_domain.cva6_tile.core.i_ariane.i_cache_subsystem.i_wt_dcache.i_wt_dcache_mem.gen_data_banks[1].i_data_sram.genblk1[7].i_ram,5
genblk1[6].i_ram,TestDriver.testHarness.chiptop.system.tile_prci_domain.tile_reset_domain.cva6_tile.core.i_ariane.i_cache_subsystem.i_wt_dcache.i_wt_dcache_mem.gen_data_banks[1].i_data_sram.genblk1[6].i_ram,5
genblk1[5].i_ram,TestDriver.testHarness.chiptop.system.tile_prci_domain.tile_reset_domain.cva6_tile.core.i_ariane.i_cache_subsystem.i_wt_dcache.i_wt_dcache_mem.gen_data_banks[1].i_data_sram.genblk1[5].i_ram,5
genblk1[4].i_ram,TestDriver.testHarness.chiptop.system.tile_prci_domain.tile_reset_domain.cva6_tile.core.i_ariane.i_cache_subsystem.i_wt_dcache.i_wt_dcache_mem.gen_data_banks[1].i_data_sram.genblk1[4].i_ram,5
genblk1[3].i_ram,TestDriver.testHarness.chiptop.system.tile_prci_domain.tile_reset_domain.cva6_tile.core.i_ariane.i_cache_subsystem.i_wt_dcache.i_wt_dcache_mem.gen_data_banks[1].i_data_sram.genblk1[3].i_ram,5
genblk1[2].i_ram,TestDriver.testHarness.chiptop.system.tile_prci_domain.tile_reset_domain.cva6_tile.core.i_ariane.i_cache_subsystem.i_wt_dcache.i_wt_dcache_mem.gen_data_banks[1].i_data_sram.genblk1[2].i_ram,5
genblk1[1].i_ram,TestDriver.testHarness.chiptop.system.tile_prci_domain.tile_reset_domain.cva6_tile.core.i_ariane.i_cache_subsystem.i_wt_dcache.i_wt_dcache_mem.gen_data_banks[1].i_data_sram.genblk1[1].i_ram,5
genblk1[0].i_ram,TestDriver.testHarness.chiptop.system.tile_prci_domain.tile_reset_domain.cva6_tile.core.i_ariane.i_cache_subsystem.i_wt_dcache.i_wt_dcache_mem.gen_data_banks[1].i_data_sram.genblk1[0].i_ram,5
genblk1[7].i_ram,TestDriver.testHarness.chiptop.system.tile_prci_domain.tile_reset_domain.cva6_tile.core.i_ariane.i_cache_subsystem.i_wt_dcache.i_wt_dcache_mem.gen_data_banks[0].i_data_sram.genblk1[7].i_ram,5
genblk1[6].i_ram,TestDriver.testHarness.chiptop.system.tile_prci_domain.tile_reset_domain.cva6_tile.core.i_ariane.i_cache_subsystem.i_wt_dcache.i_wt_dcache_mem.gen_data_banks[0].i_data_sram.genblk1[6].i_ram,5
genblk1[5].i_ram,TestDriver.testHarness.chiptop.system.tile_prci_domain.tile_reset_domain.cva6_tile.core.i_ariane.i_cache_subsystem.i_wt_dcache.i_wt_dcache_mem.gen_data_banks[0].i_data_sram.genblk1[5].i_ram,5
genblk1[4].i_ram,TestDriver.testHarness.chiptop.system.tile_prci_domain.tile_reset_domain.cva6_tile.core.i_ariane.i_cache_subsystem.i_wt_dcache.i_wt_dcache_mem.gen_data_banks[0].i_data_sram.genblk1[4].i_ram,5
genblk1[3].i_ram,TestDriver.testHarness.chiptop.system.tile_prci_domain.tile_reset_domain.cva6_tile.core.i_ariane.i_cache_subsystem.i_wt_dcache.i_wt_dcache_mem.gen_data_banks[0].i_data_sram.genblk1[3].i_ram,5
genblk1[2].i_ram,TestDriver.testHarness.chiptop.system.tile_prci_domain.tile_reset_domain.cva6_tile.core.i_ariane.i_cache_subsystem.i_wt_dcache.i_wt_dcache_mem.gen_data_banks[0].i_data_sram.genblk1[2].i_ram,5
genblk1[1].i_ram,TestDriver.testHarness.chiptop.system.tile_prci_domain.tile_reset_domain.cva6_tile.core.i_ariane.i_cache_subsystem.i_wt_dcache.i_wt_dcache_mem.gen_data_banks[0].i_data_sram.genblk1[1].i_ram,5
genblk1[0].i_ram,TestDriver.testHarness.chiptop.system.tile_prci_domain.tile_reset_domain.cva6_tile.core.i_ariane.i_cache_subsystem.i_wt_dcache.i_wt_dcache_mem.gen_data_banks[0].i_data_sram.genblk1[0].i_ram,5
i_arbiter,TestDriver.testHarness.chiptop.system.tile_prci_domain.tile_reset_domain.cva6_tile.core.i_ariane.ex_stage_i.fpu_gen.fpu_i.fpu_gen.i_fpnew_bulk.gen_operation_groups[3].i_opgroup_block.i_arbiter,5
i_arbiter,TestDriver.testHarness.chiptop.system.tile_prci_domain.tile_reset_domain.cva6_tile.core.i_ariane.ex_stage_i.fpu_gen.fpu_i.fpu_gen.i_fpnew_bulk.gen_operation_groups[2].i_opgroup_block.i_arbiter,5
i_arbiter,TestDriver.testHarness.chiptop.system.tile_prci_domain.tile_reset_domain.cva6_tile.core.i_ariane.ex_stage_i.fpu_gen.fpu_i.fpu_gen.i_fpnew_bulk.gen_operation_groups[1].i_opgroup_block.i_arbiter,5
i_arbiter,TestDriver.testHarness.chiptop.system.tile_prci_domain.tile_reset_domain.cva6_tile.core.i_ariane.ex_stage_i.fpu_gen.fpu_i.fpu_gen.i_fpnew_bulk.gen_operation_groups[0].i_opgroup_block.i_arbiter,5
i_amo_fifo,TestDriver.testHarness.chiptop.system.tile_prci_domain.tile_reset_domain.cva6_tile.core.i_ariane.ex_stage_i.lsu_i.i_store_unit.i_amo_buffer.i_amo_fifo,5
gen_parallel_slices[1].active_format.i_fmt_slice,TestDriver.testHarness.chiptop.system.tile_prci_domain.tile_reset_domain.cva6_tile.core.i_ariane.ex_stage_i.fpu_gen.fpu_i.fpu_gen.i_fpnew_bulk.gen_operation_groups[2].i_opgroup_block.gen_parallel_slices[1].active_format.i_fmt_slice,5
gen_parallel_slices[0].active_format.i_fmt_slice,TestDriver.testHarness.chiptop.system.tile_prci_domain.tile_reset_domain.cva6_tile.core.i_ariane.ex_stage_i.fpu_gen.fpu_i.fpu_gen.i_fpnew_bulk.gen_operation_groups[2].i_opgroup_block.gen_parallel_slices[0].active_format.i_fmt_slice,5
gen_parallel_slices[1].active_format.i_fmt_slice,TestDriver.testHarness.chiptop.system.tile_prci_domain.tile_reset_domain.cva6_tile.core.i_ariane.ex_stage_i.fpu_gen.fpu_i.fpu_gen.i_fpnew_bulk.gen_operation_groups[0].i_opgroup_block.gen_parallel_slices[1].active_format.i_fmt_slice,5
gen_parallel_slices[0].active_format.i_fmt_slice,TestDriver.testHarness.chiptop.system.tile_prci_domain.tile_reset_domain.cva6_tile.core.i_ariane.ex_stage_i.fpu_gen.fpu_i.fpu_gen.i_fpnew_bulk.gen_operation_groups[0].i_opgroup_block.gen_parallel_slices[0].active_format.i_fmt_slice,5
i_lfsr_inv,TestDriver.testHarness.chiptop.system.tile_prci_domain.tile_reset_domain.cva6_tile.core.i_ariane.i_cache_subsystem.i_wt_dcache.i_wt_dcache_missunit.i_lfsr_inv,4
i_dtlb,TestDriver.testHarness.chiptop.system.tile_prci_domain.tile_reset_domain.cva6_tile.core.i_ariane.ex_stage_i.lsu_i.i_mmu.i_dtlb,4
i_itlb,TestDriver.testHarness.chiptop.system.tile_prci_domain.tile_reset_domain.cva6_tile.core.i_ariane.ex_stage_i.lsu_i.i_mmu.i_itlb,4
gen_tag_srams[7].i_tag_sram,TestDriver.testHarness.chiptop.system.tile_prci_domain.tile_reset_domain.cva6_tile.core.i_ariane.i_cache_subsystem.i_wt_dcache.i_wt_dcache_mem.gen_tag_srams[7].i_tag_sram,4
gen_tag_srams[6].i_tag_sram,TestDriver.testHarness.chiptop.system.tile_prci_domain.tile_reset_domain.cva6_tile.core.i_ariane.i_cache_subsystem.i_wt_dcache.i_wt_dcache_mem.gen_tag_srams[6].i_tag_sram,4
gen_tag_srams[5].i_tag_sram,TestDriver.testHarness.chiptop.system.tile_prci_domain.tile_reset_domain.cva6_tile.core.i_ariane.i_cache_subsystem.i_wt_dcache.i_wt_dcache_mem.gen_tag_srams[5].i_tag_sram,4
gen_tag_srams[4].i_tag_sram,TestDriver.testHarness.chiptop.system.tile_prci_domain.tile_reset_domain.cva6_tile.core.i_ariane.i_cache_subsystem.i_wt_dcache.i_wt_dcache_mem.gen_tag_srams[4].i_tag_sram,4
gen_tag_srams[3].i_tag_sram,TestDriver.testHarness.chiptop.system.tile_prci_domain.tile_reset_domain.cva6_tile.core.i_ariane.i_cache_subsystem.i_wt_dcache.i_wt_dcache_mem.gen_tag_srams[3].i_tag_sram,4
gen_tag_srams[2].i_tag_sram,TestDriver.testHarness.chiptop.system.tile_prci_domain.tile_reset_domain.cva6_tile.core.i_ariane.i_cache_subsystem.i_wt_dcache.i_wt_dcache_mem.gen_tag_srams[2].i_tag_sram,4
gen_tag_srams[1].i_tag_sram,TestDriver.testHarness.chiptop.system.tile_prci_domain.tile_reset_domain.cva6_tile.core.i_ariane.i_cache_subsystem.i_wt_dcache.i_wt_dcache_mem.gen_tag_srams[1].i_tag_sram,4
gen_tag_srams[0].i_tag_sram,TestDriver.testHarness.chiptop.system.tile_prci_domain.tile_reset_domain.cva6_tile.core.i_ariane.i_cache_subsystem.i_wt_dcache.i_wt_dcache_mem.gen_tag_srams[0].i_tag_sram,4
gen_data_banks[1].i_data_sram,TestDriver.testHarness.chiptop.system.tile_prci_domain.tile_reset_domain.cva6_tile.core.i_ariane.i_cache_subsystem.i_wt_dcache.i_wt_dcache_mem.gen_data_banks[1].i_data_sram,4
gen_data_banks[0].i_data_sram,TestDriver.testHarness.chiptop.system.tile_prci_domain.tile_reset_domain.cva6_tile.core.i_ariane.i_cache_subsystem.i_wt_dcache.i_wt_dcache_mem.gen_data_banks[0].i_data_sram,4
genblk1[1].i_ram,TestDriver.testHarness.chiptop.system.tile_prci_domain.tile_reset_domain.cva6_tile.core.i_ariane.i_cache_subsystem.i_wt_icache.gen_sram[3].data_sram.genblk1[1].i_ram,4
genblk1[0].i_ram,TestDriver.testHarness.chiptop.system.tile_prci_domain.tile_reset_domain.cva6_tile.core.i_ariane.i_cache_subsystem.i_wt_icache.gen_sram[3].data_sram.genblk1[0].i_ram,4
genblk1[0].i_ram,TestDriver.testHarness.chiptop.system.tile_prci_domain.tile_reset_domain.cva6_tile.core.i_ariane.i_cache_subsystem.i_wt_icache.gen_sram[3].tag_sram.genblk1[0].i_ram,4
genblk1[1].i_ram,TestDriver.testHarness.chiptop.system.tile_prci_domain.tile_reset_domain.cva6_tile.core.i_ariane.i_cache_subsystem.i_wt_icache.gen_sram[2].data_sram.genblk1[1].i_ram,4
genblk1[0].i_ram,TestDriver.testHarness.chiptop.system.tile_prci_domain.tile_reset_domain.cva6_tile.core.i_ariane.i_cache_subsystem.i_wt_icache.gen_sram[2].data_sram.genblk1[0].i_ram,4
genblk1[0].i_ram,TestDriver.testHarness.chiptop.system.tile_prci_domain.tile_reset_domain.cva6_tile.core.i_ariane.i_cache_subsystem.i_wt_icache.gen_sram[2].tag_sram.genblk1[0].i_ram,4
genblk1[1].i_ram,TestDriver.testHarness.chiptop.system.tile_prci_domain.tile_reset_domain.cva6_tile.core.i_ariane.i_cache_subsystem.i_wt_icache.gen_sram[1].data_sram.genblk1[1].i_ram,4
genblk1[0].i_ram,TestDriver.testHarness.chiptop.system.tile_prci_domain.tile_reset_domain.cva6_tile.core.i_ariane.i_cache_subsystem.i_wt_icache.gen_sram[1].data_sram.genblk1[0].i_ram,4
genblk1[0].i_ram,TestDriver.testHarness.chiptop.system.tile_prci_domain.tile_reset_domain.cva6_tile.core.i_ariane.i_cache_subsystem.i_wt_icache.gen_sram[1].tag_sram.genblk1[0].i_ram,4
genblk1[1].i_ram,TestDriver.testHarness.chiptop.system.tile_prci_domain.tile_reset_domain.cva6_tile.core.i_ariane.i_cache_subsystem.i_wt_icache.gen_sram[0].data_sram.genblk1[1].i_ram,4
genblk1[0].i_ram,TestDriver.testHarness.chiptop.system.tile_prci_domain.tile_reset_domain.cva6_tile.core.i_ariane.i_cache_subsystem.i_wt_icache.gen_sram[0].data_sram.genblk1[0].i_ram,4
genblk1[0].i_ram,TestDriver.testHarness.chiptop.system.tile_prci_domain.tile_reset_domain.cva6_tile.core.i_ariane.i_cache_subsystem.i_wt_icache.gen_sram[0].tag_sram.genblk1[0].i_ram,4
store_buffer_i,TestDriver.testHarness.chiptop.system.tile_prci_domain.tile_reset_domain.cva6_tile.core.i_ariane.ex_stage_i.lsu_i.i_store_unit.store_buffer_i,4
i_amo_buffer,TestDriver.testHarness.chiptop.system.tile_prci_domain.tile_reset_domain.cva6_tile.core.i_ariane.ex_stage_i.lsu_i.i_store_unit.i_amo_buffer,4
gen_operation_groups[3].i_opgroup_block,TestDriver.testHarness.chiptop.system.tile_prci_domain.tile_reset_domain.cva6_tile.core.i_ariane.ex_stage_i.fpu_gen.fpu_i.fpu_gen.i_fpnew_bulk.gen_operation_groups[3].i_opgroup_block,4
gen_operation_groups[2].i_opgroup_block,TestDriver.testHarness.chiptop.system.tile_prci_domain.tile_reset_domain.cva6_tile.core.i_ariane.ex_stage_i.fpu_gen.fpu_i.fpu_gen.i_fpnew_bulk.gen_operation_groups[2].i_opgroup_block,4
gen_operation_groups[1].i_opgroup_block,TestDriver.testHarness.chiptop.system.tile_prci_domain.tile_reset_domain.cva6_tile.core.i_ariane.ex_stage_i.fpu_gen.fpu_i.fpu_gen.i_fpnew_bulk.gen_operation_groups[1].i_opgroup_block,4
gen_operation_groups[0].i_opgroup_block,TestDriver.testHarness.chiptop.system.tile_prci_domain.tile_reset_domain.cva6_tile.core.i_ariane.ex_stage_i.fpu_gen.fpu_i.fpu_gen.i_fpnew_bulk.gen_operation_groups[0].i_opgroup_block,4
i_exp_backoff,TestDriver.testHarness.chiptop.system.tile_prci_domain.tile_reset_domain.cva6_tile.core.i_ariane.i_cache_subsystem.i_wt_dcache.i_wt_dcache_missunit.i_exp_backoff,4
i_rr_arb_tree,TestDriver.testHarness.chiptop.system.tile_prci_domain.tile_reset_domain.cva6_tile.core.i_ariane.i_cache_subsystem.i_wt_dcache.i_wt_dcache_mem.i_rr_arb_tree,4
i_clean_rr,TestDriver.testHarness.chiptop.system.tile_prci_domain.tile_reset_domain.cva6_tile.core.i_ariane.i_cache_subsystem.i_wt_dcache.i_wt_dcache_wbuffer.i_clean_rr,4
i_dirty_rr,TestDriver.testHarness.chiptop.system.tile_prci_domain.tile_reset_domain.cva6_tile.core.i_ariane.i_cache_subsystem.i_wt_dcache.i_wt_dcache_wbuffer.i_dirty_rr,4
i_tx_id_rr,TestDriver.testHarness.chiptop.system.tile_prci_domain.tile_reset_domain.cva6_tile.core.i_ariane.i_cache_subsystem.i_wt_dcache.i_wt_dcache_wbuffer.i_tx_id_rr,4
i_arbiter,TestDriver.testHarness.chiptop.system.tile_prci_domain.tile_reset_domain.cva6_tile.core.i_ariane.ex_stage_i.fpu_gen.fpu_i.fpu_gen.i_fpnew_bulk.i_arbiter,4
i_lzc_rd_hit,TestDriver.testHarness.chiptop.system.tile_prci_domain.tile_reset_domain.cva6_tile.core.i_ariane.i_cache_subsystem.i_wt_dcache.i_wt_dcache_mem.i_lzc_rd_hit,4
i_lzc_wbuffer_hit,TestDriver.testHarness.chiptop.system.tile_prci_domain.tile_reset_domain.cva6_tile.core.i_ariane.i_cache_subsystem.i_wt_dcache.i_wt_dcache_mem.i_lzc_wbuffer_hit,4
i_hit_lzc,TestDriver.testHarness.chiptop.system.tile_prci_domain.tile_reset_domain.cva6_tile.core.i_ariane.i_cache_subsystem.i_wt_dcache.i_wt_dcache_wbuffer.i_hit_lzc,4
i_vld_lzc,TestDriver.testHarness.chiptop.system.tile_prci_domain.tile_reset_domain.cva6_tile.core.i_ariane.i_cache_subsystem.i_wt_dcache.i_wt_dcache_wbuffer.i_vld_lzc,4
i_vld_bdirty,TestDriver.testHarness.chiptop.system.tile_prci_domain.tile_reset_domain.cva6_tile.core.i_ariane.i_cache_subsystem.i_wt_dcache.i_wt_dcache_wbuffer.i_vld_bdirty,4
i_lzc_inv,TestDriver.testHarness.chiptop.system.tile_prci_domain.tile_reset_domain.cva6_tile.core.i_ariane.i_cache_subsystem.i_wt_dcache.i_wt_dcache_missunit.i_lzc_inv,4
i_lzc_reqs,TestDriver.testHarness.chiptop.system.tile_prci_domain.tile_reset_domain.cva6_tile.core.i_ariane.i_cache_subsystem.i_wt_dcache.i_wt_dcache_missunit.i_lzc_reqs,4
i_lzc_b,TestDriver.testHarness.chiptop.system.tile_prci_domain.tile_reset_domain.cva6_tile.core.i_ariane.ex_stage_i.i_mult.i_div.i_lzc_b,4
i_lzc_a,TestDriver.testHarness.chiptop.system.tile_prci_domain.tile_reset_domain.cva6_tile.core.i_ariane.ex_stage_i.i_mult.i_div.i_lzc_a,4
i_rtrn_id_fifo,TestDriver.testHarness.chiptop.system.tile_prci_domain.tile_reset_domain.cva6_tile.core.i_ariane.i_cache_subsystem.i_wt_dcache.i_wt_dcache_wbuffer.i_rtrn_id_fifo,4
i_ptw,TestDriver.testHarness.chiptop.system.tile_prci_domain.tile_reset_domain.cva6_tile.core.i_ariane.ex_stage_i.lsu_i.i_mmu.i_ptw,4
i_unread_instr_fifo,TestDriver.testHarness.chiptop.system.tile_prci_domain.tile_reset_domain.cva6_tile.core.i_ariane.i_frontend.i_instr_queue.i_unread_instr_fifo,3
i_unread_fifo_pos,TestDriver.testHarness.chiptop.system.tile_prci_domain.tile_reset_domain.cva6_tile.core.i_ariane.i_frontend.i_instr_queue.i_unread_fifo_pos,3
i_unread_lzc,TestDriver.testHarness.chiptop.system.tile_prci_domain.tile_reset_domain.cva6_tile.core.i_ariane.i_frontend.i_instr_queue.i_unread_lzc,3
i_unread_branch_mask,TestDriver.testHarness.chiptop.system.tile_prci_domain.tile_reset_domain.cva6_tile.core.i_ariane.i_frontend.i_instr_queue.i_unread_branch_mask,3
i_unread_address_fifo,TestDriver.testHarness.chiptop.system.tile_prci_domain.tile_reset_domain.cva6_tile.core.i_ariane.i_frontend.i_instr_queue.i_unread_address_fifo,3
i_unread,TestDriver.testHarness.chiptop.system.tile_prci_domain.tile_reset_domain.cva6_tile.core.i_ariane.i_frontend.i_bht.i_unread,3
i_unread,TestDriver.testHarness.chiptop.system.tile_prci_domain.tile_reset_domain.cva6_tile.core.i_ariane.i_frontend.i_btb.i_unread,3
i_multiplier,TestDriver.testHarness.chiptop.system.tile_prci_domain.tile_reset_domain.cva6_tile.core.i_ariane.ex_stage_i.i_mult.i_multiplier,3
i_lfsr,TestDriver.testHarness.chiptop.system.tile_prci_domain.tile_reset_domain.cva6_tile.core.i_ariane.i_cache_subsystem.i_wt_icache.i_lfsr,3
i_wt_dcache_mem,TestDriver.testHarness.chiptop.system.tile_prci_domain.tile_reset_domain.cva6_tile.core.i_ariane.i_cache_subsystem.i_wt_dcache.i_wt_dcache_mem,3
lsu_bypass_i,TestDriver.testHarness.chiptop.system.tile_prci_domain.tile_reset_domain.cva6_tile.core.i_ariane.ex_stage_i.lsu_i.lsu_bypass_i,3
gen_rd_ports[1].i_wt_dcache_ctrl,TestDriver.testHarness.chiptop.system.tile_prci_domain.tile_reset_domain.cva6_tile.core.i_ariane.i_cache_subsystem.i_wt_dcache.gen_rd_ports[1].i_wt_dcache_ctrl,3
gen_rd_ports[0].i_wt_dcache_ctrl,TestDriver.testHarness.chiptop.system.tile_prci_domain.tile_reset_domain.cva6_tile.core.i_ariane.i_cache_subsystem.i_wt_dcache.gen_rd_ports[0].i_wt_dcache_ctrl,3
gen_sram[3].data_sram,TestDriver.testHarness.chiptop.system.tile_prci_domain.tile_reset_domain.cva6_tile.core.i_ariane.i_cache_subsystem.i_wt_icache.gen_sram[3].data_sram,3
gen_sram[3].tag_sram,TestDriver.testHarness.chiptop.system.tile_prci_domain.tile_reset_domain.cva6_tile.core.i_ariane.i_cache_subsystem.i_wt_icache.gen_sram[3].tag_sram,3
gen_sram[2].data_sram,TestDriver.testHarness.chiptop.system.tile_prci_domain.tile_reset_domain.cva6_tile.core.i_ariane.i_cache_subsystem.i_wt_icache.gen_sram[2].data_sram,3
gen_sram[2].tag_sram,TestDriver.testHarness.chiptop.system.tile_prci_domain.tile_reset_domain.cva6_tile.core.i_ariane.i_cache_subsystem.i_wt_icache.gen_sram[2].tag_sram,3
gen_sram[1].data_sram,TestDriver.testHarness.chiptop.system.tile_prci_domain.tile_reset_domain.cva6_tile.core.i_ariane.i_cache_subsystem.i_wt_icache.gen_sram[1].data_sram,3
gen_sram[1].tag_sram,TestDriver.testHarness.chiptop.system.tile_prci_domain.tile_reset_domain.cva6_tile.core.i_ariane.i_cache_subsystem.i_wt_icache.gen_sram[1].tag_sram,3
gen_sram[0].data_sram,TestDriver.testHarness.chiptop.system.tile_prci_domain.tile_reset_domain.cva6_tile.core.i_ariane.i_cache_subsystem.i_wt_icache.gen_sram[0].data_sram,3
gen_sram[0].tag_sram,TestDriver.testHarness.chiptop.system.tile_prci_domain.tile_reset_domain.cva6_tile.core.i_ariane.i_cache_subsystem.i_wt_icache.gen_sram[0].tag_sram,3
i_store_unit,TestDriver.testHarness.chiptop.system.tile_prci_domain.tile_reset_domain.cva6_tile.core.i_ariane.ex_stage_i.lsu_i.i_store_unit,3
i_wt_dcache_missunit,TestDriver.testHarness.chiptop.system.tile_prci_domain.tile_reset_domain.cva6_tile.core.i_ariane.i_cache_subsystem.i_wt_dcache.i_wt_dcache_missunit,3
i_axi_shim,TestDriver.testHarness.chiptop.system.tile_prci_domain.tile_reset_domain.cva6_tile.core.i_ariane.i_cache_subsystem.i_adapter.i_axi_shim,3
i_pipe_reg_store,TestDriver.testHarness.chiptop.system.tile_prci_domain.tile_reset_domain.cva6_tile.core.i_ariane.ex_stage_i.lsu_i.i_pipe_reg_store,3
i_pipe_reg_load,TestDriver.testHarness.chiptop.system.tile_prci_domain.tile_reset_domain.cva6_tile.core.i_ariane.ex_stage_i.lsu_i.i_pipe_reg_load,3
i_load_unit,TestDriver.testHarness.chiptop.system.tile_prci_domain.tile_reset_domain.cva6_tile.core.i_ariane.ex_stage_i.lsu_i.i_load_unit,3
i_rr_arb_tree,TestDriver.testHarness.chiptop.system.tile_prci_domain.tile_reset_domain.cva6_tile.core.i_ariane.i_cache_subsystem.i_adapter.i_rr_arb_tree,3
gen_sel_clobbers[63].i_sel_fpr_clobbers,TestDriver.testHarness.chiptop.system.tile_prci_domain.tile_reset_domain.cva6_tile.core.i_ariane.issue_stage_i.i_scoreboard.gen_sel_clobbers[63].i_sel_fpr_clobbers,3
gen_sel_clobbers[63].i_sel_gpr_clobbers,TestDriver.testHarness.chiptop.system.tile_prci_domain.tile_reset_domain.cva6_tile.core.i_ariane.issue_stage_i.i_scoreboard.gen_sel_clobbers[63].i_sel_gpr_clobbers,3
gen_sel_clobbers[62].i_sel_fpr_clobbers,TestDriver.testHarness.chiptop.system.tile_prci_domain.tile_reset_domain.cva6_tile.core.i_ariane.issue_stage_i.i_scoreboard.gen_sel_clobbers[62].i_sel_fpr_clobbers,3
gen_sel_clobbers[62].i_sel_gpr_clobbers,TestDriver.testHarness.chiptop.system.tile_prci_domain.tile_reset_domain.cva6_tile.core.i_ariane.issue_stage_i.i_scoreboard.gen_sel_clobbers[62].i_sel_gpr_clobbers,3
gen_sel_clobbers[61].i_sel_fpr_clobbers,TestDriver.testHarness.chiptop.system.tile_prci_domain.tile_reset_domain.cva6_tile.core.i_ariane.issue_stage_i.i_scoreboard.gen_sel_clobbers[61].i_sel_fpr_clobbers,3
gen_sel_clobbers[61].i_sel_gpr_clobbers,TestDriver.testHarness.chiptop.system.tile_prci_domain.tile_reset_domain.cva6_tile.core.i_ariane.issue_stage_i.i_scoreboard.gen_sel_clobbers[61].i_sel_gpr_clobbers,3
gen_sel_clobbers[60].i_sel_fpr_clobbers,TestDriver.testHarness.chiptop.system.tile_prci_domain.tile_reset_domain.cva6_tile.core.i_ariane.issue_stage_i.i_scoreboard.gen_sel_clobbers[60].i_sel_fpr_clobbers,3
gen_sel_clobbers[60].i_sel_gpr_clobbers,TestDriver.testHarness.chiptop.system.tile_prci_domain.tile_reset_domain.cva6_tile.core.i_ariane.issue_stage_i.i_scoreboard.gen_sel_clobbers[60].i_sel_gpr_clobbers,3
gen_sel_clobbers[59].i_sel_fpr_clobbers,TestDriver.testHarness.chiptop.system.tile_prci_domain.tile_reset_domain.cva6_tile.core.i_ariane.issue_stage_i.i_scoreboard.gen_sel_clobbers[59].i_sel_fpr_clobbers,3
gen_sel_clobbers[59].i_sel_gpr_clobbers,TestDriver.testHarness.chiptop.system.tile_prci_domain.tile_reset_domain.cva6_tile.core.i_ariane.issue_stage_i.i_scoreboard.gen_sel_clobbers[59].i_sel_gpr_clobbers,3
gen_sel_clobbers[58].i_sel_fpr_clobbers,TestDriver.testHarness.chiptop.system.tile_prci_domain.tile_reset_domain.cva6_tile.core.i_ariane.issue_stage_i.i_scoreboard.gen_sel_clobbers[58].i_sel_fpr_clobbers,3
gen_sel_clobbers[58].i_sel_gpr_clobbers,TestDriver.testHarness.chiptop.system.tile_prci_domain.tile_reset_domain.cva6_tile.core.i_ariane.issue_stage_i.i_scoreboard.gen_sel_clobbers[58].i_sel_gpr_clobbers,3
gen_sel_clobbers[57].i_sel_fpr_clobbers,TestDriver.testHarness.chiptop.system.tile_prci_domain.tile_reset_domain.cva6_tile.core.i_ariane.issue_stage_i.i_scoreboard.gen_sel_clobbers[57].i_sel_fpr_clobbers,3
gen_sel_clobbers[57].i_sel_gpr_clobbers,TestDriver.testHarness.chiptop.system.tile_prci_domain.tile_reset_domain.cva6_tile.core.i_ariane.issue_stage_i.i_scoreboard.gen_sel_clobbers[57].i_sel_gpr_clobbers,3
gen_sel_clobbers[56].i_sel_fpr_clobbers,TestDriver.testHarness.chiptop.system.tile_prci_domain.tile_reset_domain.cva6_tile.core.i_ariane.issue_stage_i.i_scoreboard.gen_sel_clobbers[56].i_sel_fpr_clobbers,3
gen_sel_clobbers[56].i_sel_gpr_clobbers,TestDriver.testHarness.chiptop.system.tile_prci_domain.tile_reset_domain.cva6_tile.core.i_ariane.issue_stage_i.i_scoreboard.gen_sel_clobbers[56].i_sel_gpr_clobbers,3
gen_sel_clobbers[55].i_sel_fpr_clobbers,TestDriver.testHarness.chiptop.system.tile_prci_domain.tile_reset_domain.cva6_tile.core.i_ariane.issue_stage_i.i_scoreboard.gen_sel_clobbers[55].i_sel_fpr_clobbers,3
gen_sel_clobbers[55].i_sel_gpr_clobbers,TestDriver.testHarness.chiptop.system.tile_prci_domain.tile_reset_domain.cva6_tile.core.i_ariane.issue_stage_i.i_scoreboard.gen_sel_clobbers[55].i_sel_gpr_clobbers,3
gen_sel_clobbers[54].i_sel_fpr_clobbers,TestDriver.testHarness.chiptop.system.tile_prci_domain.tile_reset_domain.cva6_tile.core.i_ariane.issue_stage_i.i_scoreboard.gen_sel_clobbers[54].i_sel_fpr_clobbers,3
gen_sel_clobbers[54].i_sel_gpr_clobbers,TestDriver.testHarness.chiptop.system.tile_prci_domain.tile_reset_domain.cva6_tile.core.i_ariane.issue_stage_i.i_scoreboard.gen_sel_clobbers[54].i_sel_gpr_clobbers,3
gen_sel_clobbers[53].i_sel_fpr_clobbers,TestDriver.testHarness.chiptop.system.tile_prci_domain.tile_reset_domain.cva6_tile.core.i_ariane.issue_stage_i.i_scoreboard.gen_sel_clobbers[53].i_sel_fpr_clobbers,3
gen_sel_clobbers[53].i_sel_gpr_clobbers,TestDriver.testHarness.chiptop.system.tile_prci_domain.tile_reset_domain.cva6_tile.core.i_ariane.issue_stage_i.i_scoreboard.gen_sel_clobbers[53].i_sel_gpr_clobbers,3
gen_sel_clobbers[52].i_sel_fpr_clobbers,TestDriver.testHarness.chiptop.system.tile_prci_domain.tile_reset_domain.cva6_tile.core.i_ariane.issue_stage_i.i_scoreboard.gen_sel_clobbers[52].i_sel_fpr_clobbers,3
gen_sel_clobbers[52].i_sel_gpr_clobbers,TestDriver.testHarness.chiptop.system.tile_prci_domain.tile_reset_domain.cva6_tile.core.i_ariane.issue_stage_i.i_scoreboard.gen_sel_clobbers[52].i_sel_gpr_clobbers,3
gen_sel_clobbers[51].i_sel_fpr_clobbers,TestDriver.testHarness.chiptop.system.tile_prci_domain.tile_reset_domain.cva6_tile.core.i_ariane.issue_stage_i.i_scoreboard.gen_sel_clobbers[51].i_sel_fpr_clobbers,3
gen_sel_clobbers[51].i_sel_gpr_clobbers,TestDriver.testHarness.chiptop.system.tile_prci_domain.tile_reset_domain.cva6_tile.core.i_ariane.issue_stage_i.i_scoreboard.gen_sel_clobbers[51].i_sel_gpr_clobbers,3
gen_sel_clobbers[50].i_sel_fpr_clobbers,TestDriver.testHarness.chiptop.system.tile_prci_domain.tile_reset_domain.cva6_tile.core.i_ariane.issue_stage_i.i_scoreboard.gen_sel_clobbers[50].i_sel_fpr_clobbers,3
gen_sel_clobbers[50].i_sel_gpr_clobbers,TestDriver.testHarness.chiptop.system.tile_prci_domain.tile_reset_domain.cva6_tile.core.i_ariane.issue_stage_i.i_scoreboard.gen_sel_clobbers[50].i_sel_gpr_clobbers,3
gen_sel_clobbers[49].i_sel_fpr_clobbers,TestDriver.testHarness.chiptop.system.tile_prci_domain.tile_reset_domain.cva6_tile.core.i_ariane.issue_stage_i.i_scoreboard.gen_sel_clobbers[49].i_sel_fpr_clobbers,3
gen_sel_clobbers[49].i_sel_gpr_clobbers,TestDriver.testHarness.chiptop.system.tile_prci_domain.tile_reset_domain.cva6_tile.core.i_ariane.issue_stage_i.i_scoreboard.gen_sel_clobbers[49].i_sel_gpr_clobbers,3
gen_sel_clobbers[48].i_sel_fpr_clobbers,TestDriver.testHarness.chiptop.system.tile_prci_domain.tile_reset_domain.cva6_tile.core.i_ariane.issue_stage_i.i_scoreboard.gen_sel_clobbers[48].i_sel_fpr_clobbers,3
gen_sel_clobbers[48].i_sel_gpr_clobbers,TestDriver.testHarness.chiptop.system.tile_prci_domain.tile_reset_domain.cva6_tile.core.i_ariane.issue_stage_i.i_scoreboard.gen_sel_clobbers[48].i_sel_gpr_clobbers,3
gen_sel_clobbers[47].i_sel_fpr_clobbers,TestDriver.testHarness.chiptop.system.tile_prci_domain.tile_reset_domain.cva6_tile.core.i_ariane.issue_stage_i.i_scoreboard.gen_sel_clobbers[47].i_sel_fpr_clobbers,3
gen_sel_clobbers[47].i_sel_gpr_clobbers,TestDriver.testHarness.chiptop.system.tile_prci_domain.tile_reset_domain.cva6_tile.core.i_ariane.issue_stage_i.i_scoreboard.gen_sel_clobbers[47].i_sel_gpr_clobbers,3
gen_sel_clobbers[46].i_sel_fpr_clobbers,TestDriver.testHarness.chiptop.system.tile_prci_domain.tile_reset_domain.cva6_tile.core.i_ariane.issue_stage_i.i_scoreboard.gen_sel_clobbers[46].i_sel_fpr_clobbers,3
gen_sel_clobbers[46].i_sel_gpr_clobbers,TestDriver.testHarness.chiptop.system.tile_prci_domain.tile_reset_domain.cva6_tile.core.i_ariane.issue_stage_i.i_scoreboard.gen_sel_clobbers[46].i_sel_gpr_clobbers,3
gen_sel_clobbers[45].i_sel_fpr_clobbers,TestDriver.testHarness.chiptop.system.tile_prci_domain.tile_reset_domain.cva6_tile.core.i_ariane.issue_stage_i.i_scoreboard.gen_sel_clobbers[45].i_sel_fpr_clobbers,3
gen_sel_clobbers[45].i_sel_gpr_clobbers,TestDriver.testHarness.chiptop.system.tile_prci_domain.tile_reset_domain.cva6_tile.core.i_ariane.issue_stage_i.i_scoreboard.gen_sel_clobbers[45].i_sel_gpr_clobbers,3
gen_sel_clobbers[44].i_sel_fpr_clobbers,TestDriver.testHarness.chiptop.system.tile_prci_domain.tile_reset_domain.cva6_tile.core.i_ariane.issue_stage_i.i_scoreboard.gen_sel_clobbers[44].i_sel_fpr_clobbers,3
gen_sel_clobbers[44].i_sel_gpr_clobbers,TestDriver.testHarness.chiptop.system.tile_prci_domain.tile_reset_domain.cva6_tile.core.i_ariane.issue_stage_i.i_scoreboard.gen_sel_clobbers[44].i_sel_gpr_clobbers,3
gen_sel_clobbers[43].i_sel_fpr_clobbers,TestDriver.testHarness.chiptop.system.tile_prci_domain.tile_reset_domain.cva6_tile.core.i_ariane.issue_stage_i.i_scoreboard.gen_sel_clobbers[43].i_sel_fpr_clobbers,3
gen_sel_clobbers[43].i_sel_gpr_clobbers,TestDriver.testHarness.chiptop.system.tile_prci_domain.tile_reset_domain.cva6_tile.core.i_ariane.issue_stage_i.i_scoreboard.gen_sel_clobbers[43].i_sel_gpr_clobbers,3
gen_sel_clobbers[42].i_sel_fpr_clobbers,TestDriver.testHarness.chiptop.system.tile_prci_domain.tile_reset_domain.cva6_tile.core.i_ariane.issue_stage_i.i_scoreboard.gen_sel_clobbers[42].i_sel_fpr_clobbers,3
gen_sel_clobbers[42].i_sel_gpr_clobbers,TestDriver.testHarness.chiptop.system.tile_prci_domain.tile_reset_domain.cva6_tile.core.i_ariane.issue_stage_i.i_scoreboard.gen_sel_clobbers[42].i_sel_gpr_clobbers,3
gen_sel_clobbers[41].i_sel_fpr_clobbers,TestDriver.testHarness.chiptop.system.tile_prci_domain.tile_reset_domain.cva6_tile.core.i_ariane.issue_stage_i.i_scoreboard.gen_sel_clobbers[41].i_sel_fpr_clobbers,3
gen_sel_clobbers[41].i_sel_gpr_clobbers,TestDriver.testHarness.chiptop.system.tile_prci_domain.tile_reset_domain.cva6_tile.core.i_ariane.issue_stage_i.i_scoreboard.gen_sel_clobbers[41].i_sel_gpr_clobbers,3
gen_sel_clobbers[40].i_sel_fpr_clobbers,TestDriver.testHarness.chiptop.system.tile_prci_domain.tile_reset_domain.cva6_tile.core.i_ariane.issue_stage_i.i_scoreboard.gen_sel_clobbers[40].i_sel_fpr_clobbers,3
gen_sel_clobbers[40].i_sel_gpr_clobbers,TestDriver.testHarness.chiptop.system.tile_prci_domain.tile_reset_domain.cva6_tile.core.i_ariane.issue_stage_i.i_scoreboard.gen_sel_clobbers[40].i_sel_gpr_clobbers,3
gen_sel_clobbers[39].i_sel_fpr_clobbers,TestDriver.testHarness.chiptop.system.tile_prci_domain.tile_reset_domain.cva6_tile.core.i_ariane.issue_stage_i.i_scoreboard.gen_sel_clobbers[39].i_sel_fpr_clobbers,3
gen_sel_clobbers[39].i_sel_gpr_clobbers,TestDriver.testHarness.chiptop.system.tile_prci_domain.tile_reset_domain.cva6_tile.core.i_ariane.issue_stage_i.i_scoreboard.gen_sel_clobbers[39].i_sel_gpr_clobbers,3
gen_sel_clobbers[38].i_sel_fpr_clobbers,TestDriver.testHarness.chiptop.system.tile_prci_domain.tile_reset_domain.cva6_tile.core.i_ariane.issue_stage_i.i_scoreboard.gen_sel_clobbers[38].i_sel_fpr_clobbers,3
gen_sel_clobbers[38].i_sel_gpr_clobbers,TestDriver.testHarness.chiptop.system.tile_prci_domain.tile_reset_domain.cva6_tile.core.i_ariane.issue_stage_i.i_scoreboard.gen_sel_clobbers[38].i_sel_gpr_clobbers,3
gen_sel_clobbers[37].i_sel_fpr_clobbers,TestDriver.testHarness.chiptop.system.tile_prci_domain.tile_reset_domain.cva6_tile.core.i_ariane.issue_stage_i.i_scoreboard.gen_sel_clobbers[37].i_sel_fpr_clobbers,3
gen_sel_clobbers[37].i_sel_gpr_clobbers,TestDriver.testHarness.chiptop.system.tile_prci_domain.tile_reset_domain.cva6_tile.core.i_ariane.issue_stage_i.i_scoreboard.gen_sel_clobbers[37].i_sel_gpr_clobbers,3
gen_sel_clobbers[36].i_sel_fpr_clobbers,TestDriver.testHarness.chiptop.system.tile_prci_domain.tile_reset_domain.cva6_tile.core.i_ariane.issue_stage_i.i_scoreboard.gen_sel_clobbers[36].i_sel_fpr_clobbers,3
gen_sel_clobbers[36].i_sel_gpr_clobbers,TestDriver.testHarness.chiptop.system.tile_prci_domain.tile_reset_domain.cva6_tile.core.i_ariane.issue_stage_i.i_scoreboard.gen_sel_clobbers[36].i_sel_gpr_clobbers,3
gen_sel_clobbers[35].i_sel_fpr_clobbers,TestDriver.testHarness.chiptop.system.tile_prci_domain.tile_reset_domain.cva6_tile.core.i_ariane.issue_stage_i.i_scoreboard.gen_sel_clobbers[35].i_sel_fpr_clobbers,3
gen_sel_clobbers[35].i_sel_gpr_clobbers,TestDriver.testHarness.chiptop.system.tile_prci_domain.tile_reset_domain.cva6_tile.core.i_ariane.issue_stage_i.i_scoreboard.gen_sel_clobbers[35].i_sel_gpr_clobbers,3
gen_sel_clobbers[34].i_sel_fpr_clobbers,TestDriver.testHarness.chiptop.system.tile_prci_domain.tile_reset_domain.cva6_tile.core.i_ariane.issue_stage_i.i_scoreboard.gen_sel_clobbers[34].i_sel_fpr_clobbers,3
gen_sel_clobbers[34].i_sel_gpr_clobbers,TestDriver.testHarness.chiptop.system.tile_prci_domain.tile_reset_domain.cva6_tile.core.i_ariane.issue_stage_i.i_scoreboard.gen_sel_clobbers[34].i_sel_gpr_clobbers,3
gen_sel_clobbers[33].i_sel_fpr_clobbers,TestDriver.testHarness.chiptop.system.tile_prci_domain.tile_reset_domain.cva6_tile.core.i_ariane.issue_stage_i.i_scoreboard.gen_sel_clobbers[33].i_sel_fpr_clobbers,3
gen_sel_clobbers[33].i_sel_gpr_clobbers,TestDriver.testHarness.chiptop.system.tile_prci_domain.tile_reset_domain.cva6_tile.core.i_ariane.issue_stage_i.i_scoreboard.gen_sel_clobbers[33].i_sel_gpr_clobbers,3
gen_sel_clobbers[32].i_sel_fpr_clobbers,TestDriver.testHarness.chiptop.system.tile_prci_domain.tile_reset_domain.cva6_tile.core.i_ariane.issue_stage_i.i_scoreboard.gen_sel_clobbers[32].i_sel_fpr_clobbers,3
gen_sel_clobbers[32].i_sel_gpr_clobbers,TestDriver.testHarness.chiptop.system.tile_prci_domain.tile_reset_domain.cva6_tile.core.i_ariane.issue_stage_i.i_scoreboard.gen_sel_clobbers[32].i_sel_gpr_clobbers,3
gen_sel_clobbers[31].i_sel_fpr_clobbers,TestDriver.testHarness.chiptop.system.tile_prci_domain.tile_reset_domain.cva6_tile.core.i_ariane.issue_stage_i.i_scoreboard.gen_sel_clobbers[31].i_sel_fpr_clobbers,3
gen_sel_clobbers[31].i_sel_gpr_clobbers,TestDriver.testHarness.chiptop.system.tile_prci_domain.tile_reset_domain.cva6_tile.core.i_ariane.issue_stage_i.i_scoreboard.gen_sel_clobbers[31].i_sel_gpr_clobbers,3
gen_sel_clobbers[30].i_sel_fpr_clobbers,TestDriver.testHarness.chiptop.system.tile_prci_domain.tile_reset_domain.cva6_tile.core.i_ariane.issue_stage_i.i_scoreboard.gen_sel_clobbers[30].i_sel_fpr_clobbers,3
gen_sel_clobbers[30].i_sel_gpr_clobbers,TestDriver.testHarness.chiptop.system.tile_prci_domain.tile_reset_domain.cva6_tile.core.i_ariane.issue_stage_i.i_scoreboard.gen_sel_clobbers[30].i_sel_gpr_clobbers,3
gen_sel_clobbers[29].i_sel_fpr_clobbers,TestDriver.testHarness.chiptop.system.tile_prci_domain.tile_reset_domain.cva6_tile.core.i_ariane.issue_stage_i.i_scoreboard.gen_sel_clobbers[29].i_sel_fpr_clobbers,3
gen_sel_clobbers[29].i_sel_gpr_clobbers,TestDriver.testHarness.chiptop.system.tile_prci_domain.tile_reset_domain.cva6_tile.core.i_ariane.issue_stage_i.i_scoreboard.gen_sel_clobbers[29].i_sel_gpr_clobbers,3
gen_sel_clobbers[28].i_sel_fpr_clobbers,TestDriver.testHarness.chiptop.system.tile_prci_domain.tile_reset_domain.cva6_tile.core.i_ariane.issue_stage_i.i_scoreboard.gen_sel_clobbers[28].i_sel_fpr_clobbers,3
gen_sel_clobbers[28].i_sel_gpr_clobbers,TestDriver.testHarness.chiptop.system.tile_prci_domain.tile_reset_domain.cva6_tile.core.i_ariane.issue_stage_i.i_scoreboard.gen_sel_clobbers[28].i_sel_gpr_clobbers,3
gen_sel_clobbers[27].i_sel_fpr_clobbers,TestDriver.testHarness.chiptop.system.tile_prci_domain.tile_reset_domain.cva6_tile.core.i_ariane.issue_stage_i.i_scoreboard.gen_sel_clobbers[27].i_sel_fpr_clobbers,3
gen_sel_clobbers[27].i_sel_gpr_clobbers,TestDriver.testHarness.chiptop.system.tile_prci_domain.tile_reset_domain.cva6_tile.core.i_ariane.issue_stage_i.i_scoreboard.gen_sel_clobbers[27].i_sel_gpr_clobbers,3
gen_sel_clobbers[26].i_sel_fpr_clobbers,TestDriver.testHarness.chiptop.system.tile_prci_domain.tile_reset_domain.cva6_tile.core.i_ariane.issue_stage_i.i_scoreboard.gen_sel_clobbers[26].i_sel_fpr_clobbers,3
gen_sel_clobbers[26].i_sel_gpr_clobbers,TestDriver.testHarness.chiptop.system.tile_prci_domain.tile_reset_domain.cva6_tile.core.i_ariane.issue_stage_i.i_scoreboard.gen_sel_clobbers[26].i_sel_gpr_clobbers,3
gen_sel_clobbers[25].i_sel_fpr_clobbers,TestDriver.testHarness.chiptop.system.tile_prci_domain.tile_reset_domain.cva6_tile.core.i_ariane.issue_stage_i.i_scoreboard.gen_sel_clobbers[25].i_sel_fpr_clobbers,3
gen_sel_clobbers[25].i_sel_gpr_clobbers,TestDriver.testHarness.chiptop.system.tile_prci_domain.tile_reset_domain.cva6_tile.core.i_ariane.issue_stage_i.i_scoreboard.gen_sel_clobbers[25].i_sel_gpr_clobbers,3
gen_sel_clobbers[24].i_sel_fpr_clobbers,TestDriver.testHarness.chiptop.system.tile_prci_domain.tile_reset_domain.cva6_tile.core.i_ariane.issue_stage_i.i_scoreboard.gen_sel_clobbers[24].i_sel_fpr_clobbers,3
gen_sel_clobbers[24].i_sel_gpr_clobbers,TestDriver.testHarness.chiptop.system.tile_prci_domain.tile_reset_domain.cva6_tile.core.i_ariane.issue_stage_i.i_scoreboard.gen_sel_clobbers[24].i_sel_gpr_clobbers,3
gen_sel_clobbers[23].i_sel_fpr_clobbers,TestDriver.testHarness.chiptop.system.tile_prci_domain.tile_reset_domain.cva6_tile.core.i_ariane.issue_stage_i.i_scoreboard.gen_sel_clobbers[23].i_sel_fpr_clobbers,3
gen_sel_clobbers[23].i_sel_gpr_clobbers,TestDriver.testHarness.chiptop.system.tile_prci_domain.tile_reset_domain.cva6_tile.core.i_ariane.issue_stage_i.i_scoreboard.gen_sel_clobbers[23].i_sel_gpr_clobbers,3
gen_sel_clobbers[22].i_sel_fpr_clobbers,TestDriver.testHarness.chiptop.system.tile_prci_domain.tile_reset_domain.cva6_tile.core.i_ariane.issue_stage_i.i_scoreboard.gen_sel_clobbers[22].i_sel_fpr_clobbers,3
gen_sel_clobbers[22].i_sel_gpr_clobbers,TestDriver.testHarness.chiptop.system.tile_prci_domain.tile_reset_domain.cva6_tile.core.i_ariane.issue_stage_i.i_scoreboard.gen_sel_clobbers[22].i_sel_gpr_clobbers,3
gen_sel_clobbers[21].i_sel_fpr_clobbers,TestDriver.testHarness.chiptop.system.tile_prci_domain.tile_reset_domain.cva6_tile.core.i_ariane.issue_stage_i.i_scoreboard.gen_sel_clobbers[21].i_sel_fpr_clobbers,3
gen_sel_clobbers[21].i_sel_gpr_clobbers,TestDriver.testHarness.chiptop.system.tile_prci_domain.tile_reset_domain.cva6_tile.core.i_ariane.issue_stage_i.i_scoreboard.gen_sel_clobbers[21].i_sel_gpr_clobbers,3
gen_sel_clobbers[20].i_sel_fpr_clobbers,TestDriver.testHarness.chiptop.system.tile_prci_domain.tile_reset_domain.cva6_tile.core.i_ariane.issue_stage_i.i_scoreboard.gen_sel_clobbers[20].i_sel_fpr_clobbers,3
gen_sel_clobbers[20].i_sel_gpr_clobbers,TestDriver.testHarness.chiptop.system.tile_prci_domain.tile_reset_domain.cva6_tile.core.i_ariane.issue_stage_i.i_scoreboard.gen_sel_clobbers[20].i_sel_gpr_clobbers,3
gen_sel_clobbers[19].i_sel_fpr_clobbers,TestDriver.testHarness.chiptop.system.tile_prci_domain.tile_reset_domain.cva6_tile.core.i_ariane.issue_stage_i.i_scoreboard.gen_sel_clobbers[19].i_sel_fpr_clobbers,3
gen_sel_clobbers[19].i_sel_gpr_clobbers,TestDriver.testHarness.chiptop.system.tile_prci_domain.tile_reset_domain.cva6_tile.core.i_ariane.issue_stage_i.i_scoreboard.gen_sel_clobbers[19].i_sel_gpr_clobbers,3
gen_sel_clobbers[18].i_sel_fpr_clobbers,TestDriver.testHarness.chiptop.system.tile_prci_domain.tile_reset_domain.cva6_tile.core.i_ariane.issue_stage_i.i_scoreboard.gen_sel_clobbers[18].i_sel_fpr_clobbers,3
gen_sel_clobbers[18].i_sel_gpr_clobbers,TestDriver.testHarness.chiptop.system.tile_prci_domain.tile_reset_domain.cva6_tile.core.i_ariane.issue_stage_i.i_scoreboard.gen_sel_clobbers[18].i_sel_gpr_clobbers,3
gen_sel_clobbers[17].i_sel_fpr_clobbers,TestDriver.testHarness.chiptop.system.tile_prci_domain.tile_reset_domain.cva6_tile.core.i_ariane.issue_stage_i.i_scoreboard.gen_sel_clobbers[17].i_sel_fpr_clobbers,3
gen_sel_clobbers[17].i_sel_gpr_clobbers,TestDriver.testHarness.chiptop.system.tile_prci_domain.tile_reset_domain.cva6_tile.core.i_ariane.issue_stage_i.i_scoreboard.gen_sel_clobbers[17].i_sel_gpr_clobbers,3
gen_sel_clobbers[16].i_sel_fpr_clobbers,TestDriver.testHarness.chiptop.system.tile_prci_domain.tile_reset_domain.cva6_tile.core.i_ariane.issue_stage_i.i_scoreboard.gen_sel_clobbers[16].i_sel_fpr_clobbers,3
gen_sel_clobbers[16].i_sel_gpr_clobbers,TestDriver.testHarness.chiptop.system.tile_prci_domain.tile_reset_domain.cva6_tile.core.i_ariane.issue_stage_i.i_scoreboard.gen_sel_clobbers[16].i_sel_gpr_clobbers,3
gen_sel_clobbers[15].i_sel_fpr_clobbers,TestDriver.testHarness.chiptop.system.tile_prci_domain.tile_reset_domain.cva6_tile.core.i_ariane.issue_stage_i.i_scoreboard.gen_sel_clobbers[15].i_sel_fpr_clobbers,3
gen_sel_clobbers[15].i_sel_gpr_clobbers,TestDriver.testHarness.chiptop.system.tile_prci_domain.tile_reset_domain.cva6_tile.core.i_ariane.issue_stage_i.i_scoreboard.gen_sel_clobbers[15].i_sel_gpr_clobbers,3
gen_sel_clobbers[14].i_sel_fpr_clobbers,TestDriver.testHarness.chiptop.system.tile_prci_domain.tile_reset_domain.cva6_tile.core.i_ariane.issue_stage_i.i_scoreboard.gen_sel_clobbers[14].i_sel_fpr_clobbers,3
gen_sel_clobbers[14].i_sel_gpr_clobbers,TestDriver.testHarness.chiptop.system.tile_prci_domain.tile_reset_domain.cva6_tile.core.i_ariane.issue_stage_i.i_scoreboard.gen_sel_clobbers[14].i_sel_gpr_clobbers,3
gen_sel_clobbers[13].i_sel_fpr_clobbers,TestDriver.testHarness.chiptop.system.tile_prci_domain.tile_reset_domain.cva6_tile.core.i_ariane.issue_stage_i.i_scoreboard.gen_sel_clobbers[13].i_sel_fpr_clobbers,3
gen_sel_clobbers[13].i_sel_gpr_clobbers,TestDriver.testHarness.chiptop.system.tile_prci_domain.tile_reset_domain.cva6_tile.core.i_ariane.issue_stage_i.i_scoreboard.gen_sel_clobbers[13].i_sel_gpr_clobbers,3
gen_sel_clobbers[12].i_sel_fpr_clobbers,TestDriver.testHarness.chiptop.system.tile_prci_domain.tile_reset_domain.cva6_tile.core.i_ariane.issue_stage_i.i_scoreboard.gen_sel_clobbers[12].i_sel_fpr_clobbers,3
gen_sel_clobbers[12].i_sel_gpr_clobbers,TestDriver.testHarness.chiptop.system.tile_prci_domain.tile_reset_domain.cva6_tile.core.i_ariane.issue_stage_i.i_scoreboard.gen_sel_clobbers[12].i_sel_gpr_clobbers,3
gen_sel_clobbers[11].i_sel_fpr_clobbers,TestDriver.testHarness.chiptop.system.tile_prci_domain.tile_reset_domain.cva6_tile.core.i_ariane.issue_stage_i.i_scoreboard.gen_sel_clobbers[11].i_sel_fpr_clobbers,3
gen_sel_clobbers[11].i_sel_gpr_clobbers,TestDriver.testHarness.chiptop.system.tile_prci_domain.tile_reset_domain.cva6_tile.core.i_ariane.issue_stage_i.i_scoreboard.gen_sel_clobbers[11].i_sel_gpr_clobbers,3
gen_sel_clobbers[10].i_sel_fpr_clobbers,TestDriver.testHarness.chiptop.system.tile_prci_domain.tile_reset_domain.cva6_tile.core.i_ariane.issue_stage_i.i_scoreboard.gen_sel_clobbers[10].i_sel_fpr_clobbers,3
gen_sel_clobbers[10].i_sel_gpr_clobbers,TestDriver.testHarness.chiptop.system.tile_prci_domain.tile_reset_domain.cva6_tile.core.i_ariane.issue_stage_i.i_scoreboard.gen_sel_clobbers[10].i_sel_gpr_clobbers,3
gen_sel_clobbers[9].i_sel_fpr_clobbers,TestDriver.testHarness.chiptop.system.tile_prci_domain.tile_reset_domain.cva6_tile.core.i_ariane.issue_stage_i.i_scoreboard.gen_sel_clobbers[9].i_sel_fpr_clobbers,3
gen_sel_clobbers[9].i_sel_gpr_clobbers,TestDriver.testHarness.chiptop.system.tile_prci_domain.tile_reset_domain.cva6_tile.core.i_ariane.issue_stage_i.i_scoreboard.gen_sel_clobbers[9].i_sel_gpr_clobbers,3
gen_sel_clobbers[8].i_sel_fpr_clobbers,TestDriver.testHarness.chiptop.system.tile_prci_domain.tile_reset_domain.cva6_tile.core.i_ariane.issue_stage_i.i_scoreboard.gen_sel_clobbers[8].i_sel_fpr_clobbers,3
gen_sel_clobbers[8].i_sel_gpr_clobbers,TestDriver.testHarness.chiptop.system.tile_prci_domain.tile_reset_domain.cva6_tile.core.i_ariane.issue_stage_i.i_scoreboard.gen_sel_clobbers[8].i_sel_gpr_clobbers,3
gen_sel_clobbers[7].i_sel_fpr_clobbers,TestDriver.testHarness.chiptop.system.tile_prci_domain.tile_reset_domain.cva6_tile.core.i_ariane.issue_stage_i.i_scoreboard.gen_sel_clobbers[7].i_sel_fpr_clobbers,3
gen_sel_clobbers[7].i_sel_gpr_clobbers,TestDriver.testHarness.chiptop.system.tile_prci_domain.tile_reset_domain.cva6_tile.core.i_ariane.issue_stage_i.i_scoreboard.gen_sel_clobbers[7].i_sel_gpr_clobbers,3
gen_sel_clobbers[6].i_sel_fpr_clobbers,TestDriver.testHarness.chiptop.system.tile_prci_domain.tile_reset_domain.cva6_tile.core.i_ariane.issue_stage_i.i_scoreboard.gen_sel_clobbers[6].i_sel_fpr_clobbers,3
gen_sel_clobbers[6].i_sel_gpr_clobbers,TestDriver.testHarness.chiptop.system.tile_prci_domain.tile_reset_domain.cva6_tile.core.i_ariane.issue_stage_i.i_scoreboard.gen_sel_clobbers[6].i_sel_gpr_clobbers,3
gen_sel_clobbers[5].i_sel_fpr_clobbers,TestDriver.testHarness.chiptop.system.tile_prci_domain.tile_reset_domain.cva6_tile.core.i_ariane.issue_stage_i.i_scoreboard.gen_sel_clobbers[5].i_sel_fpr_clobbers,3
gen_sel_clobbers[5].i_sel_gpr_clobbers,TestDriver.testHarness.chiptop.system.tile_prci_domain.tile_reset_domain.cva6_tile.core.i_ariane.issue_stage_i.i_scoreboard.gen_sel_clobbers[5].i_sel_gpr_clobbers,3
gen_sel_clobbers[4].i_sel_fpr_clobbers,TestDriver.testHarness.chiptop.system.tile_prci_domain.tile_reset_domain.cva6_tile.core.i_ariane.issue_stage_i.i_scoreboard.gen_sel_clobbers[4].i_sel_fpr_clobbers,3
gen_sel_clobbers[4].i_sel_gpr_clobbers,TestDriver.testHarness.chiptop.system.tile_prci_domain.tile_reset_domain.cva6_tile.core.i_ariane.issue_stage_i.i_scoreboard.gen_sel_clobbers[4].i_sel_gpr_clobbers,3
gen_sel_clobbers[3].i_sel_fpr_clobbers,TestDriver.testHarness.chiptop.system.tile_prci_domain.tile_reset_domain.cva6_tile.core.i_ariane.issue_stage_i.i_scoreboard.gen_sel_clobbers[3].i_sel_fpr_clobbers,3
gen_sel_clobbers[3].i_sel_gpr_clobbers,TestDriver.testHarness.chiptop.system.tile_prci_domain.tile_reset_domain.cva6_tile.core.i_ariane.issue_stage_i.i_scoreboard.gen_sel_clobbers[3].i_sel_gpr_clobbers,3
gen_sel_clobbers[2].i_sel_fpr_clobbers,TestDriver.testHarness.chiptop.system.tile_prci_domain.tile_reset_domain.cva6_tile.core.i_ariane.issue_stage_i.i_scoreboard.gen_sel_clobbers[2].i_sel_fpr_clobbers,3
gen_sel_clobbers[2].i_sel_gpr_clobbers,TestDriver.testHarness.chiptop.system.tile_prci_domain.tile_reset_domain.cva6_tile.core.i_ariane.issue_stage_i.i_scoreboard.gen_sel_clobbers[2].i_sel_gpr_clobbers,3
gen_sel_clobbers[1].i_sel_fpr_clobbers,TestDriver.testHarness.chiptop.system.tile_prci_domain.tile_reset_domain.cva6_tile.core.i_ariane.issue_stage_i.i_scoreboard.gen_sel_clobbers[1].i_sel_fpr_clobbers,3
gen_sel_clobbers[1].i_sel_gpr_clobbers,TestDriver.testHarness.chiptop.system.tile_prci_domain.tile_reset_domain.cva6_tile.core.i_ariane.issue_stage_i.i_scoreboard.gen_sel_clobbers[1].i_sel_gpr_clobbers,3
gen_sel_clobbers[0].i_sel_fpr_clobbers,TestDriver.testHarness.chiptop.system.tile_prci_domain.tile_reset_domain.cva6_tile.core.i_ariane.issue_stage_i.i_scoreboard.gen_sel_clobbers[0].i_sel_fpr_clobbers,3
gen_sel_clobbers[0].i_sel_gpr_clobbers,TestDriver.testHarness.chiptop.system.tile_prci_domain.tile_reset_domain.cva6_tile.core.i_ariane.issue_stage_i.i_scoreboard.gen_sel_clobbers[0].i_sel_gpr_clobbers,3
i_sel_rs3,TestDriver.testHarness.chiptop.system.tile_prci_domain.tile_reset_domain.cva6_tile.core.i_ariane.issue_stage_i.i_scoreboard.i_sel_rs3,3
i_sel_rs2,TestDriver.testHarness.chiptop.system.tile_prci_domain.tile_reset_domain.cva6_tile.core.i_ariane.issue_stage_i.i_scoreboard.i_sel_rs2,3
i_sel_rs1,TestDriver.testHarness.chiptop.system.tile_prci_domain.tile_reset_domain.cva6_tile.core.i_ariane.issue_stage_i.i_scoreboard.i_sel_rs1,3
i_div,TestDriver.testHarness.chiptop.system.tile_prci_domain.tile_reset_domain.cva6_tile.core.i_ariane.ex_stage_i.i_mult.i_div,3
i_mmu,TestDriver.testHarness.chiptop.system.tile_prci_domain.tile_reset_domain.cva6_tile.core.i_ariane.ex_stage_i.lsu_i.i_mmu,3
i_popcount,TestDriver.testHarness.chiptop.system.tile_prci_domain.tile_reset_domain.cva6_tile.core.i_ariane.issue_stage_i.i_scoreboard.i_popcount,3
i_popcount,TestDriver.testHarness.chiptop.system.tile_prci_domain.tile_reset_domain.cva6_tile.core.i_ariane.i_frontend.i_instr_queue.i_popcount,3
fpu_gen.i_fpnew_bulk,TestDriver.testHarness.chiptop.system.tile_prci_domain.tile_reset_domain.cva6_tile.core.i_ariane.ex_stage_i.fpu_gen.fpu_i.fpu_gen.i_fpnew_bulk,3
i_lzc_hit,TestDriver.testHarness.chiptop.system.tile_prci_domain.tile_reset_domain.cva6_tile.core.i_ariane.i_cache_subsystem.i_wt_icache.i_lzc_hit,3
i_lzc,TestDriver.testHarness.chiptop.system.tile_prci_domain.tile_reset_domain.cva6_tile.core.i_ariane.i_cache_subsystem.i_wt_icache.i_lzc,3
i_lzc_branch_index,TestDriver.testHarness.chiptop.system.tile_prci_domain.tile_reset_domain.cva6_tile.core.i_ariane.i_frontend.i_instr_queue.i_lzc_branch_index,3
i_b_fifo,TestDriver.testHarness.chiptop.system.tile_prci_domain.tile_reset_domain.cva6_tile.core.i_ariane.i_cache_subsystem.i_adapter.i_b_fifo,3
i_wr_dcache_id,TestDriver.testHarness.chiptop.system.tile_prci_domain.tile_reset_domain.cva6_tile.core.i_ariane.i_cache_subsystem.i_adapter.i_wr_dcache_id,3
i_rd_dcache_id,TestDriver.testHarness.chiptop.system.tile_prci_domain.tile_reset_domain.cva6_tile.core.i_ariane.i_cache_subsystem.i_adapter.i_rd_dcache_id,3
i_rd_icache_id,TestDriver.testHarness.chiptop.system.tile_prci_domain.tile_reset_domain.cva6_tile.core.i_ariane.i_cache_subsystem.i_adapter.i_rd_icache_id,3
i_dcache_data_fifo,TestDriver.testHarness.chiptop.system.tile_prci_domain.tile_reset_domain.cva6_tile.core.i_ariane.i_cache_subsystem.i_adapter.i_dcache_data_fifo,3
i_icache_data_fifo,TestDriver.testHarness.chiptop.system.tile_prci_domain.tile_reset_domain.cva6_tile.core.i_ariane.i_cache_subsystem.i_adapter.i_icache_data_fifo,3
gen_instr_fifo[1].i_fifo_instr_data,TestDriver.testHarness.chiptop.system.tile_prci_domain.tile_reset_domain.cva6_tile.core.i_ariane.i_frontend.i_instr_queue.gen_instr_fifo[1].i_fifo_instr_data,3
gen_instr_fifo[0].i_fifo_instr_data,TestDriver.testHarness.chiptop.system.tile_prci_domain.tile_reset_domain.cva6_tile.core.i_ariane.i_frontend.i_instr_queue.gen_instr_fifo[0].i_fifo_instr_data,3
i_fifo_address,TestDriver.testHarness.chiptop.system.tile_prci_domain.tile_reset_domain.cva6_tile.core.i_ariane.i_frontend.i_instr_queue.i_fifo_address,3
i_wt_dcache_wbuffer,TestDriver.testHarness.chiptop.system.tile_prci_domain.tile_reset_domain.cva6_tile.core.i_ariane.i_cache_subsystem.i_wt_dcache.i_wt_dcache_wbuffer,3
float_regfile_gen.i_ariane_fp_regfile,TestDriver.testHarness.chiptop.system.tile_prci_domain.tile_reset_domain.cva6_tile.core.i_ariane.issue_stage_i.i_issue_read_operands.float_regfile_gen.i_ariane_fp_regfile,3
i_ariane_regfile,TestDriver.testHarness.chiptop.system.tile_prci_domain.tile_reset_domain.cva6_tile.core.i_ariane.issue_stage_i.i_issue_read_operands.i_ariane_regfile,3
fpu_gen.fpu_i,TestDriver.testHarness.chiptop.system.tile_prci_domain.tile_reset_domain.cva6_tile.core.i_ariane.ex_stage_i.fpu_gen.fpu_i,2
i_instr_realign,TestDriver.testHarness.chiptop.system.tile_prci_domain.tile_reset_domain.cva6_tile.core.i_ariane.i_frontend.i_instr_realign,2
csr_buffer_i,TestDriver.testHarness.chiptop.system.tile_prci_domain.tile_reset_domain.cva6_tile.core.i_ariane.ex_stage_i.csr_buffer_i,2
compressed_decoder_i,TestDriver.testHarness.chiptop.system.tile_prci_domain.tile_reset_domain.cva6_tile.core.i_ariane.id_stage_i.compressed_decoder_i,2
branch_unit_i,TestDriver.testHarness.chiptop.system.tile_prci_domain.tile_reset_domain.cva6_tile.core.i_ariane.ex_stage_i.branch_unit_i,2
i_btb,TestDriver.testHarness.chiptop.system.tile_prci_domain.tile_reset_domain.cva6_tile.core.i_ariane.i_frontend.i_btb,2
i_re_name,TestDriver.testHarness.chiptop.system.tile_prci_domain.tile_reset_domain.cva6_tile.core.i_ariane.issue_stage_i.i_re_name,2
i_mult,TestDriver.testHarness.chiptop.system.tile_prci_domain.tile_reset_domain.cva6_tile.core.i_ariane.ex_stage_i.i_mult,2
i_wt_icache,TestDriver.testHarness.chiptop.system.tile_prci_domain.tile_reset_domain.cva6_tile.core.i_ariane.i_cache_subsystem.i_wt_icache,2
i_instr_queue,TestDriver.testHarness.chiptop.system.tile_prci_domain.tile_reset_domain.cva6_tile.core.i_ariane.i_frontend.i_instr_queue,2
i_bht,TestDriver.testHarness.chiptop.system.tile_prci_domain.tile_reset_domain.cva6_tile.core.i_ariane.i_frontend.i_bht,2
i_wt_dcache,TestDriver.testHarness.chiptop.system.tile_prci_domain.tile_reset_domain.cva6_tile.core.i_ariane.i_cache_subsystem.i_wt_dcache,2
i_ras,TestDriver.testHarness.chiptop.system.tile_prci_domain.tile_reset_domain.cva6_tile.core.i_ariane.i_frontend.i_ras,2
i_adapter,TestDriver.testHarness.chiptop.system.tile_prci_domain.tile_reset_domain.cva6_tile.core.i_ariane.i_cache_subsystem.i_adapter,2
gen_instr_scan[1].i_instr_scan,TestDriver.testHarness.chiptop.system.tile_prci_domain.tile_reset_domain.cva6_tile.core.i_ariane.i_frontend.gen_instr_scan[1].i_instr_scan,2
gen_instr_scan[0].i_instr_scan,TestDriver.testHarness.chiptop.system.tile_prci_domain.tile_reset_domain.cva6_tile.core.i_ariane.i_frontend.gen_instr_scan[0].i_instr_scan,2
alu_i,TestDriver.testHarness.chiptop.system.tile_prci_domain.tile_reset_domain.cva6_tile.core.i_ariane.ex_stage_i.alu_i,2
decoder_i,TestDriver.testHarness.chiptop.system.tile_prci_domain.tile_reset_domain.cva6_tile.core.i_ariane.id_stage_i.decoder_i,2
i_scoreboard,TestDriver.testHarness.chiptop.system.tile_prci_domain.tile_reset_domain.cva6_tile.core.i_ariane.issue_stage_i.i_scoreboard,2
i_issue_read_operands,TestDriver.testHarness.chiptop.system.tile_prci_domain.tile_reset_domain.cva6_tile.core.i_ariane.issue_stage_i.i_issue_read_operands,2
lsu_i,TestDriver.testHarness.chiptop.system.tile_prci_domain.tile_reset_domain.cva6_tile.core.i_ariane.ex_stage_i.lsu_i,2
i_perf_counters,TestDriver.testHarness.chiptop.system.tile_prci_domain.tile_reset_domain.cva6_tile.core.i_ariane.i_perf_counters,1
issue_stage_i,TestDriver.testHarness.chiptop.system.tile_prci_domain.tile_reset_domain.cva6_tile.core.i_ariane.issue_stage_i,1
i_cache_subsystem,TestDriver.testHarness.chiptop.system.tile_prci_domain.tile_reset_domain.cva6_tile.core.i_ariane.i_cache_subsystem,1
id_stage_i,TestDriver.testHarness.chiptop.system.tile_prci_domain.tile_reset_domain.cva6_tile.core.i_ariane.id_stage_i,1
csr_regfile_i,TestDriver.testHarness.chiptop.system.tile_prci_domain.tile_reset_domain.cva6_tile.core.i_ariane.csr_regfile_i,1
controller_i,TestDriver.testHarness.chiptop.system.tile_prci_domain.tile_reset_domain.cva6_tile.core.i_ariane.controller_i,1
commit_stage_i,TestDriver.testHarness.chiptop.system.tile_prci_domain.tile_reset_domain.cva6_tile.core.i_ariane.commit_stage_i,1
ex_stage_i,TestDriver.testHarness.chiptop.system.tile_prci_domain.tile_reset_domain.cva6_tile.core.i_ariane.ex_stage_i,1
i_frontend,TestDriver.testHarness.chiptop.system.tile_prci_domain.tile_reset_domain.cva6_tile.core.i_ariane.i_frontend,1
i_ariane,TestDriver.testHarness.chiptop.system.tile_prci_domain.tile_reset_domain.cva6_tile.core.i_ariane,0
